[
 {
  "Branch": "18469: ราไวย์บีช",
  "Product_Code": "6200451",
  "Product": "ครัวซองต์",
  "Date": "2025-07-01",
  "Forecast": 14,
  "Lower": 13,
  "Upper": 15,
  "Accuracy_%": 73.7,
  "Method": "xgb+rf"
 },
 {
  "Branch": "18469: ราไวย์บีช",
  "Product_Code": "6200200",
  "Product": "คุกกี้เนย",
  "Date": "2025-07-01",
  "Forecast": 12,
  "Lower": 12,
  "Upper": 13,
  "Accuracy_%": 75.7,
  "Method": "xgb+rf"
 },
 {
  "Branch": "18469: ราไวย์บีช",
  "Product_Code": "6200130",
  "Product": "มัฟฟิน",
  "Date": "2025-07-01",
  "Forecast": 4,
  "Lower": 4,
  "Upper": 4,
  "Accuracy_%": 71.4,
  "Method": "xgb+rf"
 },
 {
  "Branch": "18469: ราไวย์บีช",
  "Product_Code": "6200201",
  "Product": "เค้กไข่ไต้หวัน",
  "Date": "2025-07-01",
  "Forecast": 8,
  "Lower": 8,
  "Upper": 8,
  "Accuracy_%": 82.2,
  "Method": "xgb+rf"
 },
 {
  "Branch": "18469: ราไวย์บีช",
  "Product_Code": "6200113",
  "Product": "ขนมปังปอนด์",
  "Date": "2025-07-01",
  "Forecast": 7,
  "Lower": 6,
  "Upper": 9,
  "Accuracy_%": 76.6,
  "Method": "xgb+rf"
 },
 {
  "Branch": "14555: KARON  AVENUE",
  "Product_Code": "6200451",
  "Product": "ครัวซองต์",
  "Date": "2025-07-01",
  "Forecast": 4,
  "Lower": 4,
  "Upper": 4,
  "Accuracy_%": 62.7,
  "Method": "xgb+rf"
 },
 {
  "Branch": "14555: KARON  AVENUE",
  "Product_Code": "6200200",
  "Product": "คุกกี้เนย",
  "Date": "2025-07-01",
  "Forecast": 2,
  "Lower": 2,
  "Upper": 2,
  "Accuracy_%": 40.5,
  "Method": "xgb+rf"
 },
 {
  "Branch": "14555: KARON  AVENUE",
  "Product_Code": "6200130",
  "Product": "มัฟฟิน",
  "Date": "2025-07-01",
  "Forecast": 4,
  "Lower": 4,
  "Upper": 5,
  "Accuracy_%": 67.8,
  "Method": "xgb+rf"
 },
 {
  "Branch": "14555: KARON  AVENUE",
  "Product_Code": "6200201",
  "Product": "เค้กไข่ไต้หวัน",
  "Date": "2025-07-01",
  "Forecast": 2,
  "Lower": 1,
  "Upper": 2,
  "Accuracy_%": 60.1,
  "Method": "xgb+rf"
 },
 {
  "Branch": "14555: KARON  AVENUE",
  "Product_Code": "6200113",
  "Product": "ขนมปังปอนด์",
  "Date": "2025-07-01",
  "Forecast": 2,
  "Lower": 2,
  "Upper": 3,
  "Accuracy_%": 63.4,
  "Method": "xgb+rf"
 },
 {
  "Branch": "15757: The Bliss South Beach Patong",
  "Product_Code": "6200451",
  "Product": "ครัวซองต์",
  "Date": "2025-07-01",
  "Forecast": 14,
  "Lower": 12,
  "Upper": 16,
  "Accuracy_%": 68.5,
  "Method": "xgb+rf"
 },
 {
  "Branch": "15757: The Bliss South Beach Patong",
  "Product_Code": "6200200",
  "Product": "คุกกี้เนย",
  "Date": "2025-07-01",
  "Forecast": 5,
  "Lower": 5,
  "Upper": 5,
  "Accuracy_%": 70.8,
  "Method": "xgb+rf"
 },
 {
  "Branch": "15757: The Bliss South Beach Patong",
  "Product_Code": "6200130",
  "Product": "มัฟฟิน",
  "Date": "2025-07-01",
  "Forecast": 7,
  "Lower": 5,
  "Upper": 8,
  "Accuracy_%": 77.2,
  "Method": "xgb+rf"
 },
 {
  "Branch": "15757: The Bliss South Beach Patong",
  "Product_Code": "6200201",
  "Product": "เค้กไข่ไต้หวัน",
  "Date": "2025-07-01",
  "Forecast": 6,
  "Lower": 5,
  "Upper": 7,
  "Accuracy_%": 51.6,
  "Method": "xgb+rf"
 },
 {
  "Branch": "15757: The Bliss South Beach Patong",
  "Product_Code": "6200113",
  "Product": "ขนมปังปอนด์",
  "Date": "2025-07-01",
  "Forecast": 8,
  "Lower": 7,
  "Upper": 8,
  "Accuracy_%": 77.3,
  "Method": "xgb+rf"
 },
 {
  "Branch": "9641: หมู่บ้านฉลองสุข",
  "Product_Code": "6200451",
  "Product": "ครัวซองต์",
  "Date": "2025-07-01",
  "Forecast": 8,
  "Lower": 7,
  "Upper": 8,
  "Accuracy_%": 51.9,
  "Method": "xgb+rf"
 },
 {
  "Branch": "9641: หมู่บ้านฉลองสุข",
  "Product_Code": "6200200",
  "Product": "คุกกี้เนย",
  "Date": "2025-07-01",
  "Forecast": 2,
  "Lower": 2,
  "Upper": 2,
  "Accuracy_%": 54,
  "Method": "xgb+rf"
 },
 {
  "Branch": "9641: หมู่บ้านฉลองสุข",
  "Product_Code": "6200130",
  "Product": "มัฟฟิน",
  "Date": "2025-07-01",
  "Forecast": 5,
  "Lower": 5,
  "Upper": 5,
  "Accuracy_%": 76.6,
  "Method": "xgb+rf"
 },
 {
  "Branch": "9641: หมู่บ้านฉลองสุข",
  "Product_Code": "6200201",
  "Product": "เค้กไข่ไต้หวัน",
  "Date": "2025-07-01",
  "Forecast": 1,
  "Lower": 1,
  "Upper": 1,
  "Accuracy_%": 45.9,
  "Method": "xgb+rf"
 },
 {
  "Branch": "9641: หมู่บ้านฉลองสุข",
  "Product_Code": "6200113",
  "Product": "ขนมปังปอนด์",
  "Date": "2025-07-01",
  "Forecast": 6,
  "Lower": 6,
  "Upper": 6,
  "Accuracy_%": 67.3,
  "Method": "xgb+rf"
 },
 {
  "Branch": "3510: ชายหาดกมลา 1",
  "Product_Code": "6200451",
  "Product": "ครัวซองต์",
  "Date": "2025-07-01",
  "Forecast": 9,
  "Lower": 8,
  "Upper": 9,
  "Accuracy_%": 89.4,
  "Method": "xgb+rf"
 },
 {
  "Branch": "3510: ชายหาดกมลา 1",
  "Product_Code": "6200200",
  "Product": "คุกกี้เนย",
  "Date": "2025-07-01",
  "Forecast": 4,
  "Lower": 4,
  "Upper": 5,
  "Accuracy_%": 78.7,
  "Method": "xgb+rf"
 },
 {
  "Branch": "3510: ชายหาดกมลา 1",
  "Product_Code": "6200130",
  "Product": "มัฟฟิน",
  "Date": "2025-07-01",
  "Forecast": 5,
  "Lower": 5,
  "Upper": 5,
  "Accuracy_%": 83.5,
  "Method": "xgb+rf"
 },
 {
  "Branch": "3510: ชายหาดกมลา 1",
  "Product_Code": "6200201",
  "Product": "เค้กไข่ไต้หวัน",
  "Date": "2025-07-01",
  "Forecast": 4,
  "Lower": 4,
  "Upper": 4,
  "Accuracy_%": 78.5,
  "Method": "xgb+rf"
 },
 {
  "Branch": "3510: ชายหาดกมลา 1",
  "Product_Code": "6200113",
  "Product": "ขนมปังปอนด์",
  "Date": "2025-07-01",
  "Forecast": 6,
  "Lower": 6,
  "Upper": 7,
  "Accuracy_%": 79,
  "Method": "xgb+rf"
 },
 {
  "Branch": "13391: ถนนเสน่หานุสรณ์",
  "Product_Code": "6200451",
  "Product": "ครัวซองต์",
  "Date": "2025-07-01",
  "Forecast": 9,
  "Lower": 6,
  "Upper": 11,
  "Accuracy_%": 46.8,
  "Method": "xgb+rf"
 },
 {
  "Branch": "13391: ถนนเสน่หานุสรณ์",
  "Product_Code": "6200200",
  "Product": "คุกกี้เนย",
  "Date": "2025-07-01",
  "Forecast": 6,
  "Lower": 6,
  "Upper": 6,
  "Accuracy_%": 61.2,
  "Method": "xgb+rf"
 },
 {
  "Branch": "13391: ถนนเสน่หานุสรณ์",
  "Product_Code": "6200130",
  "Product": "มัฟฟิน",
  "Date": "2025-07-01",
  "Forecast": 10,
  "Lower": 9,
  "Upper": 11,
  "Accuracy_%": 68.5,
  "Method": "xgb+rf"
 },
 {
  "Branch": "13391: ถนนเสน่หานุสรณ์",
  "Product_Code": "6200201",
  "Product": "เค้กไข่ไต้หวัน",
  "Date": "2025-07-01",
  "Forecast": 6,
  "Lower": 5,
  "Upper": 6,
  "Accuracy_%": 57.5,
  "Method": "xgb+rf"
 },
 {
  "Branch": "13391: ถนนเสน่หานุสรณ์",
  "Product_Code": "6200113",
  "Product": "ขนมปังปอนด์",
  "Date": "2025-07-01",
  "Forecast": 5,
  "Lower": 5,
  "Upper": 5,
  "Accuracy_%": 54.7,
  "Method": "xgb+rf"
 },
 {
  "Branch": "9922: ศรีสุดา",
  "Product_Code": "6200451",
  "Product": "ครัวซองต์",
  "Date": "2025-07-01",
  "Forecast": 5,
  "Lower": 3,
  "Upper": 6,
  "Accuracy_%": 43.6,
  "Method": "xgb+rf"
 },
 {
  "Branch": "9922: ศรีสุดา",
  "Product_Code": "6200200",
  "Product": "คุกกี้เนย",
  "Date": "2025-07-01",
  "Forecast": 3,
  "Lower": 3,
  "Upper": 3,
  "Accuracy_%": 73.5,
  "Method": "xgb+rf"
 },
 {
  "Branch": "9922: ศรีสุดา",
  "Product_Code": "6200130",
  "Product": "มัฟฟิน",
  "Date": "2025-07-01",
  "Forecast": 26,
  "Lower": 26,
  "Upper": 26,
  "Accuracy_%": 82.5,
  "Method": "xgb+rf"
 },
 {
  "Branch": "9922: ศรีสุดา",
  "Product_Code": "6200201",
  "Product": "เค้กไข่ไต้หวัน",
  "Date": "2025-07-01",
  "Forecast": 3,
  "Lower": 2,
  "Upper": 3,
  "Accuracy_%": 61.3,
  "Method": "xgb+rf"
 },
 {
  "Branch": "9922: ศรีสุดา",
  "Product_Code": "6200113",
  "Product": "ขนมปังปอนด์",
  "Date": "2025-07-01",
  "Forecast": 3,
  "Lower": 3,
  "Upper": 3,
  "Accuracy_%": 66.5,
  "Method": "xgb+rf"
 },
 {
  "Branch": "11045: พรุฉิมพลี ซอย 1",
  "Product_Code": "6200451",
  "Product": "ครัวซองต์",
  "Date": "2025-07-01",
  "Forecast": 6,
  "Lower": 6,
  "Upper": 6,
  "Accuracy_%": 52.5,
  "Method": "xgb+rf"
 },
 {
  "Branch": "11045: พรุฉิมพลี ซอย 1",
  "Product_Code": "6200200",
  "Product": "คุกกี้เนย",
  "Date": "2025-07-01",
  "Forecast": 2,
  "Lower": 2,
  "Upper": 2,
  "Accuracy_%": 56.1,
  "Method": "xgb+rf"
 },
 {
  "Branch": "11045: พรุฉิมพลี ซอย 1",
  "Product_Code": "6200130",
  "Product": "มัฟฟิน",
  "Date": "2025-07-01",
  "Forecast": 9,
  "Lower": 8,
  "Upper": 10,
  "Accuracy_%": 73.5,
  "Method": "xgb+rf"
 },
 {
  "Branch": "11045: พรุฉิมพลี ซอย 1",
  "Product_Code": "6200201",
  "Product": "เค้กไข่ไต้หวัน",
  "Date": "2025-07-01",
  "Forecast": 2,
  "Lower": 2,
  "Upper": 2,
  "Accuracy_%": 54.2,
  "Method": "xgb+rf"
 },
 {
  "Branch": "11045: พรุฉิมพลี ซอย 1",
  "Product_Code": "6200113",
  "Product": "ขนมปังปอนด์",
  "Date": "2025-07-01",
  "Forecast": 5,
  "Lower": 4,
  "Upper": 5,
  "Accuracy_%": 48.5,
  "Method": "xgb+rf"
 },
 {
  "Branch": "2392: บ้านอ่าวนาง",
  "Product_Code": "6200451",
  "Product": "ครัวซองต์",
  "Date": "2025-07-01",
  "Forecast": 10,
  "Lower": 9,
  "Upper": 12,
  "Accuracy_%": 73.6,
  "Method": "xgb+rf"
 },
 {
  "Branch": "2392: บ้านอ่าวนาง",
  "Product_Code": "6200200",
  "Product": "คุกกี้เนย",
  "Date": "2025-07-01",
  "Forecast": 5,
  "Lower": 5,
  "Upper": 5,
  "Accuracy_%": 72.9,
  "Method": "xgb+rf"
 },
 {
  "Branch": "2392: บ้านอ่าวนาง",
  "Product_Code": "6200130",
  "Product": "มัฟฟิน",
  "Date": "2025-07-01",
  "Forecast": 7,
  "Lower": 7,
  "Upper": 7,
  "Accuracy_%": 62.6,
  "Method": "xgb+rf"
 },
 {
  "Branch": "2392: บ้านอ่าวนาง",
  "Product_Code": "6200201",
  "Product": "เค้กไข่ไต้หวัน",
  "Date": "2025-07-01",
  "Forecast": 3,
  "Lower": 3,
  "Upper": 3,
  "Accuracy_%": 58.8,
  "Method": "xgb+rf"
 },
 {
  "Branch": "2392: บ้านอ่าวนาง",
  "Product_Code": "6200113",
  "Product": "ขนมปังปอนด์",
  "Date": "2025-07-01",
  "Forecast": 3,
  "Lower": 3,
  "Upper": 3,
  "Accuracy_%": 29.4,
  "Method": "xgb+rf"
 },
 {
  "Branch": "13088: ร้านค้าสวัสดิการ รพ.ค่ายวชิราวุธ",
  "Product_Code": "6200451",
  "Product": "ครัวซองต์",
  "Date": "2025-07-01",
  "Forecast": 2,
  "Lower": 2,
  "Upper": 2,
  "Accuracy_%": 0,
  "Method": "xgb+rf"
 },
 {
  "Branch": "13088: ร้านค้าสวัสดิการ รพ.ค่ายวชิราวุธ",
  "Product_Code": "6200200",
  "Product": "คุกกี้เนย",
  "Date": "2025-07-01",
  "Forecast": 4,
  "Lower": 4,
  "Upper": 4,
  "Accuracy_%": 0,
  "Method": "xgb+rf"
 },
 {
  "Branch": "13088: ร้านค้าสวัสดิการ รพ.ค่ายวชิราวุธ",
  "Product_Code": "6200130",
  "Product": "มัฟฟิน",
  "Date": "2025-07-01",
  "Forecast": 6,
  "Lower": 5,
  "Upper": 7,
  "Accuracy_%": 65.7,
  "Method": "xgb+rf"
 },
 {
  "Branch": "13088: ร้านค้าสวัสดิการ รพ.ค่ายวชิราวุธ",
  "Product_Code": "6200201",
  "Product": "เค้กไข่ไต้หวัน",
  "Date": "2025-07-01",
  "Forecast": 4,
  "Lower": 3,
  "Upper": 5,
  "Accuracy_%": 3.6,
  "Method": "xgb+rf"
 },
 {
  "Branch": "13088: ร้านค้าสวัสดิการ รพ.ค่ายวชิราวุธ",
  "Product_Code": "6200113",
  "Product": "ขนมปังปอนด์",
  "Date": "2025-07-01",
  "Forecast": 3,
  "Lower": 3,
  "Upper": 4,
  "Accuracy_%": 71,
  "Method": "xgb+rf"
 },
 {
  "Branch": "18438: สามแยกปิ่นเกลียว (นครปฐม)",
  "Product_Code": "6200451",
  "Product": "ครัวซองต์",
  "Date": "2025-07-01",
  "Forecast": 5,
  "Lower": 4,
  "Upper": 6,
  "Accuracy_%": 44.3,
  "Method": "xgb+rf"
 },
 {
  "Branch": "18438: สามแยกปิ่นเกลียว (นครปฐม)",
  "Product_Code": "6200200",
  "Product": "คุกกี้เนย",
  "Date": "2025-07-01",
  "Forecast": 1,
  "Lower": 1,
  "Upper": 1,
  "Accuracy_%": 47.6,
  "Method": "xgb+rf"
 },
 {
  "Branch": "18438: สามแยกปิ่นเกลียว (นครปฐม)",
  "Product_Code": "6200130",
  "Product": "มัฟฟิน",
  "Date": "2025-07-01",
  "Forecast": 9,
  "Lower": 7,
  "Upper": 10,
  "Accuracy_%": 69.4,
  "Method": "xgb+rf"
 },
 {
  "Branch": "18438: สามแยกปิ่นเกลียว (นครปฐม)",
  "Product_Code": "6200201",
  "Product": "เค้กไข่ไต้หวัน",
  "Date": "2025-07-01",
  "Forecast": 1,
  "Lower": 1,
  "Upper": 1,
  "Accuracy_%": 48.1,
  "Method": "xgb+rf"
 },
 {
  "Branch": "18438: สามแยกปิ่นเกลียว (นครปฐม)",
  "Product_Code": "6200113",
  "Product": "ขนมปังปอนด์",
  "Date": "2025-07-01",
  "Forecast": 1,
  "Lower": 1,
  "Upper": 2,
  "Accuracy_%": 49.8,
  "Method": "xgb+rf"
 },
 {
  "Branch": "18926: เหมืองนาคา",
  "Product_Code": "6200451",
  "Product": "ครัวซองต์",
  "Date": "2025-07-01",
  "Forecast": 15,
  "Lower": 13,
  "Upper": 17,
  "Accuracy_%": 76.2,
  "Method": "xgb+rf"
 },
 {
  "Branch": "18926: เหมืองนาคา",
  "Product_Code": "6200200",
  "Product": "คุกกี้เนย",
  "Date": "2025-07-01",
  "Forecast": 13,
  "Lower": 13,
  "Upper": 13,
  "Accuracy_%": 76.2,
  "Method": "xgb+rf"
 },
 {
  "Branch": "18926: เหมืองนาคา",
  "Product_Code": "6200130",
  "Product": "มัฟฟิน",
  "Date": "2025-07-01",
  "Forecast": 5,
  "Lower": 4,
  "Upper": 7,
  "Accuracy_%": 32.1,
  "Method": "xgb+rf"
 },
 {
  "Branch": "18926: เหมืองนาคา",
  "Product_Code": "6200201",
  "Product": "เค้กไข่ไต้หวัน",
  "Date": "2025-07-01",
  "Forecast": 14,
  "Lower": 13,
  "Upper": 15,
  "Accuracy_%": 41.2,
  "Method": "xgb+rf"
 },
 {
  "Branch": "18926: เหมืองนาคา",
  "Product_Code": "6200113",
  "Product": "ขนมปังปอนด์",
  "Date": "2025-07-01",
  "Forecast": 11,
  "Lower": 11,
  "Upper": 11,
  "Accuracy_%": 80,
  "Method": "xgb+rf"
 },
 {
  "Branch": "15271: ถนนกะโรม",
  "Product_Code": "6200451",
  "Product": "ครัวซองต์",
  "Date": "2025-07-01",
  "Forecast": 3,
  "Lower": 3,
  "Upper": 3,
  "Accuracy_%": 5.1,
  "Method": "xgb+rf"
 },
 {
  "Branch": "15271: ถนนกะโรม",
  "Product_Code": "6200200",
  "Product": "คุกกี้เนย",
  "Date": "2025-07-01",
  "Forecast": 3,
  "Lower": 2,
  "Upper": 4,
  "Accuracy_%": 22.5,
  "Method": "xgb+rf"
 },
 {
  "Branch": "15271: ถนนกะโรม",
  "Product_Code": "6200130",
  "Product": "มัฟฟิน",
  "Date": "2025-07-01",
  "Forecast": 3,
  "Lower": 3,
  "Upper": 3,
  "Accuracy_%": 57.4,
  "Method": "xgb+rf"
 },
 {
  "Branch": "15271: ถนนกะโรม",
  "Product_Code": "6200201",
  "Product": "เค้กไข่ไต้หวัน",
  "Date": "2025-07-01",
  "Forecast": 10,
  "Lower": 9,
  "Upper": 11,
  "Accuracy_%": 0,
  "Method": "xgb+rf"
 },
 {
  "Branch": "15271: ถนนกะโรม",
  "Product_Code": "6200113",
  "Product": "ขนมปังปอนด์",
  "Date": "2025-07-01",
  "Forecast": 2,
  "Lower": 2,
  "Upper": 2,
  "Accuracy_%": 69.8,
  "Method": "xgb+rf"
 },
 {
  "Branch": "2530: เกาะยาว",
  "Product_Code": "6200451",
  "Product": "ครัวซองต์",
  "Date": "2025-07-01",
  "Forecast": 10,
  "Lower": 9,
  "Upper": 10,
  "Accuracy_%": 72.1,
  "Method": "xgb+rf"
 },
 {
  "Branch": "2530: เกาะยาว",
  "Product_Code": "6200200",
  "Product": "คุกกี้เนย",
  "Date": "2025-07-01",
  "Forecast": 2,
  "Lower": 2,
  "Upper": 2,
  "Accuracy_%": 60,
  "Method": "xgb+rf"
 },
 {
  "Branch": "2530: เกาะยาว",
  "Product_Code": "6200130",
  "Product": "มัฟฟิน",
  "Date": "2025-07-01",
  "Forecast": 8,
  "Lower": 8,
  "Upper": 9,
  "Accuracy_%": 65.4,
  "Method": "xgb+rf"
 },
 {
  "Branch": "2530: เกาะยาว",
  "Product_Code": "6200201",
  "Product": "เค้กไข่ไต้หวัน",
  "Date": "2025-07-01",
  "Forecast": 3,
  "Lower": 2,
  "Upper": 4,
  "Accuracy_%": 67,
  "Method": "xgb+rf"
 },
 {
  "Branch": "2530: เกาะยาว",
  "Product_Code": "6200113",
  "Product": "ขนมปังปอนด์",
  "Date": "2025-07-01",
  "Forecast": 1,
  "Lower": 0,
  "Upper": 1,
  "Accuracy_%": 20,
  "Method": "smart_avg"
 },
 {
  "Branch": "6266: บขส.ระนอง",
  "Product_Code": "6200451",
  "Product": "ครัวซองต์",
  "Date": "2025-07-01",
  "Forecast": 6,
  "Lower": 5,
  "Upper": 6,
  "Accuracy_%": 62.1,
  "Method": "xgb+rf"
 },
 {
  "Branch": "6266: บขส.ระนอง",
  "Product_Code": "6200200",
  "Product": "คุกกี้เนย",
  "Date": "2025-07-01",
  "Forecast": 3,
  "Lower": 2,
  "Upper": 4,
  "Accuracy_%": 49.8,
  "Method": "xgb+rf"
 },
 {
  "Branch": "6266: บขส.ระนอง",
  "Product_Code": "6200130",
  "Product": "มัฟฟิน",
  "Date": "2025-07-01",
  "Forecast": 5,
  "Lower": 3,
  "Upper": 6,
  "Accuracy_%": 69.1,
  "Method": "xgb+rf"
 },
 {
  "Branch": "6266: บขส.ระนอง",
  "Product_Code": "6200201",
  "Product": "เค้กไข่ไต้หวัน",
  "Date": "2025-07-01",
  "Forecast": 2,
  "Lower": 2,
  "Upper": 2,
  "Accuracy_%": 62.8,
  "Method": "xgb+rf"
 },
 {
  "Branch": "6266: บขส.ระนอง",
  "Product_Code": "6200113",
  "Product": "ขนมปังปอนด์",
  "Date": "2025-07-01",
  "Forecast": 6,
  "Lower": 1,
  "Upper": 11,
  "Accuracy_%": 63.9,
  "Method": "xgb+rf"
 },
 {
  "Branch": "18919: ตลาดอ่าวนาง",
  "Product_Code": "6200451",
  "Product": "ครัวซองต์",
  "Date": "2025-07-01",
  "Forecast": 8,
  "Lower": 8,
  "Upper": 8,
  "Accuracy_%": 48.1,
  "Method": "xgb+rf"
 },
 {
  "Branch": "18919: ตลาดอ่าวนาง",
  "Product_Code": "6200200",
  "Product": "คุกกี้เนย",
  "Date": "2025-07-01",
  "Forecast": 2,
  "Lower": 1,
  "Upper": 2,
  "Accuracy_%": 60.5,
  "Method": "xgb+rf"
 },
 {
  "Branch": "18919: ตลาดอ่าวนาง",
  "Product_Code": "6200130",
  "Product": "มัฟฟิน",
  "Date": "2025-07-01",
  "Forecast": 2,
  "Lower": 2,
  "Upper": 2,
  "Accuracy_%": 18.8,
  "Method": "xgb+rf"
 },
 {
  "Branch": "18919: ตลาดอ่าวนาง",
  "Product_Code": "6200201",
  "Product": "เค้กไข่ไต้หวัน",
  "Date": "2025-07-01",
  "Forecast": 2,
  "Lower": 2,
  "Upper": 2,
  "Accuracy_%": 51.3,
  "Method": "xgb+rf"
 },
 {
  "Branch": "18919: ตลาดอ่าวนาง",
  "Product_Code": "6200113",
  "Product": "ขนมปังปอนด์",
  "Date": "2025-07-01",
  "Forecast": 3,
  "Lower": 3,
  "Upper": 3,
  "Accuracy_%": 61.9,
  "Method": "xgb+rf"
 },
 {
  "Branch": "15007: PTTORสนามบินภูเก็ต",
  "Product_Code": "6200451",
  "Product": "ครัวซองต์",
  "Date": "2025-07-01",
  "Forecast": 5,
  "Lower": 5,
  "Upper": 5,
  "Accuracy_%": 44.1,
  "Method": "xgb+rf"
 },
 {
  "Branch": "15007: PTTORสนามบินภูเก็ต",
  "Product_Code": "6200200",
  "Product": "คุกกี้เนย",
  "Date": "2025-07-01",
  "Forecast": 6,
  "Lower": 6,
  "Upper": 6,
  "Accuracy_%": 47.3,
  "Method": "xgb+rf"
 },
 {
  "Branch": "15007: PTTORสนามบินภูเก็ต",
  "Product_Code": "6200130",
  "Product": "มัฟฟิน",
  "Date": "2025-07-01",
  "Forecast": 5,
  "Lower": 4,
  "Upper": 5,
  "Accuracy_%": 72,
  "Method": "xgb+rf"
 },
 {
  "Branch": "15007: PTTORสนามบินภูเก็ต",
  "Product_Code": "6200201",
  "Product": "เค้กไข่ไต้หวัน",
  "Date": "2025-07-01",
  "Forecast": 3,
  "Lower": 3,
  "Upper": 3,
  "Accuracy_%": 64.2,
  "Method": "xgb+rf"
 },
 {
  "Branch": "15007: PTTORสนามบินภูเก็ต",
  "Product_Code": "6200113",
  "Product": "ขนมปังปอนด์",
  "Date": "2025-07-01",
  "Forecast": 2,
  "Lower": 1,
  "Upper": 2,
  "Accuracy_%": 77.4,
  "Method": "xgb+rf"
 },
 {
  "Branch": "8732: ราชพฤกษ์ (บางพลับ )",
  "Product_Code": "6200451",
  "Product": "ครัวซองต์",
  "Date": "2025-07-01",
  "Forecast": 5,
  "Lower": 5,
  "Upper": 6,
  "Accuracy_%": 55.6,
  "Method": "xgb+rf"
 },
 {
  "Branch": "8732: ราชพฤกษ์ (บางพลับ )",
  "Product_Code": "6200200",
  "Product": "คุกกี้เนย",
  "Date": "2025-07-01",
  "Forecast": 5,
  "Lower": 5,
  "Upper": 5,
  "Accuracy_%": 78.2,
  "Method": "xgb+rf"
 },
 {
  "Branch": "8732: ราชพฤกษ์ (บางพลับ )",
  "Product_Code": "6200130",
  "Product": "มัฟฟิน",
  "Date": "2025-07-01",
  "Forecast": 4,
  "Lower": 4,
  "Upper": 5,
  "Accuracy_%": 73.8,
  "Method": "xgb+rf"
 },
 {
  "Branch": "8732: ราชพฤกษ์ (บางพลับ )",
  "Product_Code": "6200201",
  "Product": "เค้กไข่ไต้หวัน",
  "Date": "2025-07-01",
  "Forecast": 3,
  "Lower": 2,
  "Upper": 4,
  "Accuracy_%": 68.4,
  "Method": "xgb+rf"
 },
 {
  "Branch": "8732: ราชพฤกษ์ (บางพลับ )",
  "Product_Code": "6200113",
  "Product": "ขนมปังปอนด์",
  "Date": "2025-07-01",
  "Forecast": 3,
  "Lower": 3,
  "Upper": 3,
  "Accuracy_%": 76.4,
  "Method": "xgb+rf"
 },
 {
  "Branch": "10433: PTTOR ปาลัส 2",
  "Product_Code": "6200451",
  "Product": "ครัวซองต์",
  "Date": "2025-07-01",
  "Forecast": 26,
  "Lower": 19,
  "Upper": 33,
  "Accuracy_%": 43.8,
  "Method": "xgb+rf"
 },
 {
  "Branch": "10433: PTTOR ปาลัส 2",
  "Product_Code": "6200200",
  "Product": "คุกกี้เนย",
  "Date": "2025-07-01",
  "Forecast": 5,
  "Lower": 4,
  "Upper": 7,
  "Accuracy_%": 53.4,
  "Method": "xgb+rf"
 },
 {
  "Branch": "10433: PTTOR ปาลัส 2",
  "Product_Code": "6200130",
  "Product": "มัฟฟิน",
  "Date": "2025-07-01",
  "Forecast": 8,
  "Lower": 7,
  "Upper": 9,
  "Accuracy_%": 53,
  "Method": "xgb+rf"
 },
 {
  "Branch": "10433: PTTOR ปาลัส 2",
  "Product_Code": "6200201",
  "Product": "เค้กไข่ไต้หวัน",
  "Date": "2025-07-01",
  "Forecast": 7,
  "Lower": 7,
  "Upper": 8,
  "Accuracy_%": 56.4,
  "Method": "xgb+rf"
 },
 {
  "Branch": "10433: PTTOR ปาลัส 2",
  "Product_Code": "6200113",
  "Product": "ขนมปังปอนด์",
  "Date": "2025-07-01",
  "Forecast": 8,
  "Lower": 7,
  "Upper": 8,
  "Accuracy_%": 51.7,
  "Method": "xgb+rf"
 },
 {
  "Branch": "4727: นพรัตน์ธานี",
  "Product_Code": "6200451",
  "Product": "ครัวซองต์",
  "Date": "2025-07-01",
  "Forecast": 4,
  "Lower": 4,
  "Upper": 4,
  "Accuracy_%": 41.7,
  "Method": "xgb+rf"
 },
 {
  "Branch": "4727: นพรัตน์ธานี",
  "Product_Code": "6200200",
  "Product": "คุกกี้เนย",
  "Date": "2025-07-01",
  "Forecast": 2,
  "Lower": 2,
  "Upper": 2,
  "Accuracy_%": 74.6,
  "Method": "xgb+rf"
 },
 {
  "Branch": "4727: นพรัตน์ธานี",
  "Product_Code": "6200130",
  "Product": "มัฟฟิน",
  "Date": "2025-07-01",
  "Forecast": 8,
  "Lower": 8,
  "Upper": 9,
  "Accuracy_%": 55.7,
  "Method": "xgb+rf"
 },
 {
  "Branch": "4727: นพรัตน์ธานี",
  "Product_Code": "6200201",
  "Product": "เค้กไข่ไต้หวัน",
  "Date": "2025-07-01",
  "Forecast": 2,
  "Lower": 2,
  "Upper": 3,
  "Accuracy_%": 79,
  "Method": "xgb+rf"
 },
 {
  "Branch": "4727: นพรัตน์ธานี",
  "Product_Code": "6200113",
  "Product": "ขนมปังปอนด์",
  "Date": "2025-07-01",
  "Forecast": 2,
  "Lower": 2,
  "Upper": 2,
  "Accuracy_%": 59.7,
  "Method": "xgb+rf"
 },
 {
  "Branch": "18504: ตลาดนัดสามกอง",
  "Product_Code": "6200451",
  "Product": "ครัวซองต์",
  "Date": "2025-07-01",
  "Forecast": 5,
  "Lower": 4,
  "Upper": 6,
  "Accuracy_%": 61.7,
  "Method": "xgb+rf"
 },
 {
  "Branch": "18504: ตลาดนัดสามกอง",
  "Product_Code": "6200200",
  "Product": "คุกกี้เนย",
  "Date": "2025-07-01",
  "Forecast": 4,
  "Lower": 4,
  "Upper": 4,
  "Accuracy_%": 74.3,
  "Method": "xgb+rf"
 },
 {
  "Branch": "18504: ตลาดนัดสามกอง",
  "Product_Code": "6200130",
  "Product": "มัฟฟิน",
  "Date": "2025-07-01",
  "Forecast": 3,
  "Lower": 3,
  "Upper": 3,
  "Accuracy_%": 72,
  "Method": "xgb+rf"
 },
 {
  "Branch": "18504: ตลาดนัดสามกอง",
  "Product_Code": "6200201",
  "Product": "เค้กไข่ไต้หวัน",
  "Date": "2025-07-01",
  "Forecast": 2,
  "Lower": 1,
  "Upper": 2,
  "Accuracy_%": 69.8,
  "Method": "xgb+rf"
 },
 {
  "Branch": "18504: ตลาดนัดสามกอง",
  "Product_Code": "6200113",
  "Product": "ขนมปังปอนด์",
  "Date": "2025-07-01",
  "Forecast": 6,
  "Lower": 5,
  "Upper": 6,
  "Accuracy_%": 77.2,
  "Method": "xgb+rf"
 },
 {
  "Branch": "14305: ถนนคลองเรียน2",
  "Product_Code": "6200451",
  "Product": "ครัวซองต์",
  "Date": "2025-07-01",
  "Forecast": 2,
  "Lower": 2,
  "Upper": 3,
  "Accuracy_%": 45.6,
  "Method": "xgb+rf"
 },
 {
  "Branch": "14305: ถนนคลองเรียน2",
  "Product_Code": "6200200",
  "Product": "คุกกี้เนย",
  "Date": "2025-07-01",
  "Forecast": 2,
  "Lower": 2,
  "Upper": 2,
  "Accuracy_%": 68.3,
  "Method": "xgb+rf"
 },
 {
  "Branch": "14305: ถนนคลองเรียน2",
  "Product_Code": "6200130",
  "Product": "มัฟฟิน",
  "Date": "2025-07-01",
  "Forecast": 3,
  "Lower": 3,
  "Upper": 4,
  "Accuracy_%": 69.2,
  "Method": "xgb+rf"
 },
 {
  "Branch": "14305: ถนนคลองเรียน2",
  "Product_Code": "6200201",
  "Product": "เค้กไข่ไต้หวัน",
  "Date": "2025-07-01",
  "Forecast": 2,
  "Lower": 2,
  "Upper": 3,
  "Accuracy_%": 67.1,
  "Method": "xgb+rf"
 },
 {
  "Branch": "14305: ถนนคลองเรียน2",
  "Product_Code": "6200113",
  "Product": "ขนมปังปอนด์",
  "Date": "2025-07-01",
  "Forecast": 2,
  "Lower": 2,
  "Upper": 2,
  "Accuracy_%": 46.2,
  "Method": "xgb+rf"
 },
 {
  "Branch": "15316: ตลาดไฟฟ้า(นครชัยศรี)",
  "Product_Code": "6200451",
  "Product": "ครัวซองต์",
  "Date": "2025-07-01",
  "Forecast": 11,
  "Lower": 10,
  "Upper": 11,
  "Accuracy_%": 63.7,
  "Method": "xgb+rf"
 },
 {
  "Branch": "15316: ตลาดไฟฟ้า(นครชัยศรี)",
  "Product_Code": "6200200",
  "Product": "คุกกี้เนย",
  "Date": "2025-07-01",
  "Forecast": 3,
  "Lower": 3,
  "Upper": 3,
  "Accuracy_%": 61,
  "Method": "xgb+rf"
 },
 {
  "Branch": "15316: ตลาดไฟฟ้า(นครชัยศรี)",
  "Product_Code": "6200130",
  "Product": "มัฟฟิน",
  "Date": "2025-07-01",
  "Forecast": 9,
  "Lower": 7,
  "Upper": 10,
  "Accuracy_%": 65.2,
  "Method": "xgb+rf"
 },
 {
  "Branch": "15316: ตลาดไฟฟ้า(นครชัยศรี)",
  "Product_Code": "6200201",
  "Product": "เค้กไข่ไต้หวัน",
  "Date": "2025-07-01",
  "Forecast": 3,
  "Lower": 2,
  "Upper": 3,
  "Accuracy_%": 55.3,
  "Method": "xgb+rf"
 },
 {
  "Branch": "15316: ตลาดไฟฟ้า(นครชัยศรี)",
  "Product_Code": "6200113",
  "Product": "ขนมปังปอนด์",
  "Date": "2025-07-01",
  "Forecast": 3,
  "Lower": 3,
  "Upper": 4,
  "Accuracy_%": 58.7,
  "Method": "xgb+rf"
 },
 {
  "Branch": "6995: ชุมชนเก็ตโฮ่",
  "Product_Code": "6200451",
  "Product": "ครัวซองต์",
  "Date": "2025-07-01",
  "Forecast": 23,
  "Lower": 20,
  "Upper": 27,
  "Accuracy_%": 61.1,
  "Method": "xgb+rf"
 },
 {
  "Branch": "6995: ชุมชนเก็ตโฮ่",
  "Product_Code": "6200200",
  "Product": "คุกกี้เนย",
  "Date": "2025-07-01",
  "Forecast": 7,
  "Lower": 6,
  "Upper": 8,
  "Accuracy_%": 68.5,
  "Method": "xgb+rf"
 },
 {
  "Branch": "6995: ชุมชนเก็ตโฮ่",
  "Product_Code": "6200130",
  "Product": "มัฟฟิน",
  "Date": "2025-07-01",
  "Forecast": 11,
  "Lower": 10,
  "Upper": 11,
  "Accuracy_%": 83.1,
  "Method": "xgb+rf"
 },
 {
  "Branch": "6995: ชุมชนเก็ตโฮ่",
  "Product_Code": "6200201",
  "Product": "เค้กไข่ไต้หวัน",
  "Date": "2025-07-01",
  "Forecast": 3,
  "Lower": 3,
  "Upper": 3,
  "Accuracy_%": 68.6,
  "Method": "xgb+rf"
 },
 {
  "Branch": "6995: ชุมชนเก็ตโฮ่",
  "Product_Code": "6200113",
  "Product": "ขนมปังปอนด์",
  "Date": "2025-07-01",
  "Forecast": 7,
  "Lower": 6,
  "Upper": 7,
  "Accuracy_%": 45.8,
  "Method": "xgb+rf"
 },
 {
  "Branch": "11826: เรวดี 17",
  "Product_Code": "6200451",
  "Product": "ครัวซองต์",
  "Date": "2025-07-01",
  "Forecast": 5,
  "Lower": 3,
  "Upper": 6,
  "Accuracy_%": 61.9,
  "Method": "xgb+rf"
 },
 {
  "Branch": "11826: เรวดี 17",
  "Product_Code": "6200200",
  "Product": "คุกกี้เนย",
  "Date": "2025-07-01",
  "Forecast": 12,
  "Lower": 11,
  "Upper": 12,
  "Accuracy_%": 73.1,
  "Method": "xgb+rf"
 },
 {
  "Branch": "11826: เรวดี 17",
  "Product_Code": "6200130",
  "Product": "มัฟฟิน",
  "Date": "2025-07-01",
  "Forecast": 8,
  "Lower": 8,
  "Upper": 8,
  "Accuracy_%": 72.5,
  "Method": "xgb+rf"
 },
 {
  "Branch": "11826: เรวดี 17",
  "Product_Code": "6200201",
  "Product": "เค้กไข่ไต้หวัน",
  "Date": "2025-07-01",
  "Forecast": 2,
  "Lower": 1,
  "Upper": 2,
  "Accuracy_%": 53.8,
  "Method": "xgb+rf"
 },
 {
  "Branch": "11826: เรวดี 17",
  "Product_Code": "6200113",
  "Product": "ขนมปังปอนด์",
  "Date": "2025-07-01",
  "Forecast": 2,
  "Lower": 2,
  "Upper": 2,
  "Accuracy_%": 63.2,
  "Method": "xgb+rf"
 },
 {
  "Branch": "4498: เพชรเกษม 110 แยก 6",
  "Product_Code": "6200451",
  "Product": "ครัวซองต์",
  "Date": "2025-07-01",
  "Forecast": 6,
  "Lower": 4,
  "Upper": 8,
  "Accuracy_%": 45.5,
  "Method": "xgb+rf"
 },
 {
  "Branch": "4498: เพชรเกษม 110 แยก 6",
  "Product_Code": "6200200",
  "Product": "คุกกี้เนย",
  "Date": "2025-07-01",
  "Forecast": 7,
  "Lower": 7,
  "Upper": 7,
  "Accuracy_%": 52.8,
  "Method": "xgb+rf"
 },
 {
  "Branch": "4498: เพชรเกษม 110 แยก 6",
  "Product_Code": "6200130",
  "Product": "มัฟฟิน",
  "Date": "2025-07-01",
  "Forecast": 15,
  "Lower": 14,
  "Upper": 16,
  "Accuracy_%": 29.6,
  "Method": "xgb+rf"
 },
 {
  "Branch": "4498: เพชรเกษม 110 แยก 6",
  "Product_Code": "6200201",
  "Product": "เค้กไข่ไต้หวัน",
  "Date": "2025-07-01",
  "Forecast": 2,
  "Lower": 2,
  "Upper": 3,
  "Accuracy_%": 55.9,
  "Method": "xgb+rf"
 },
 {
  "Branch": "4498: เพชรเกษม 110 แยก 6",
  "Product_Code": "6200113",
  "Product": "ขนมปังปอนด์",
  "Date": "2025-07-01",
  "Forecast": 3,
  "Lower": 3,
  "Upper": 4,
  "Accuracy_%": 59.3,
  "Method": "xgb+rf"
 },
 {
  "Branch": "18229: หน้าโรงพยาบาลกระบุรี",
  "Product_Code": "6200451",
  "Product": "ครัวซองต์",
  "Date": "2025-07-01",
  "Forecast": 19,
  "Lower": 19,
  "Upper": 19,
  "Accuracy_%": 59.4,
  "Method": "xgb+rf"
 },
 {
  "Branch": "18229: หน้าโรงพยาบาลกระบุรี",
  "Product_Code": "6200200",
  "Product": "คุกกี้เนย",
  "Date": "2025-07-01",
  "Forecast": 2,
  "Lower": 2,
  "Upper": 2,
  "Accuracy_%": 52,
  "Method": "xgb+rf"
 },
 {
  "Branch": "18229: หน้าโรงพยาบาลกระบุรี",
  "Product_Code": "6200130",
  "Product": "มัฟฟิน",
  "Date": "2025-07-01",
  "Forecast": 3,
  "Lower": 3,
  "Upper": 3,
  "Accuracy_%": 68.9,
  "Method": "xgb+rf"
 },
 {
  "Branch": "18229: หน้าโรงพยาบาลกระบุรี",
  "Product_Code": "6200201",
  "Product": "เค้กไข่ไต้หวัน",
  "Date": "2025-07-01",
  "Forecast": 2,
  "Lower": 2,
  "Upper": 3,
  "Accuracy_%": 53.3,
  "Method": "xgb+rf"
 },
 {
  "Branch": "18229: หน้าโรงพยาบาลกระบุรี",
  "Product_Code": "6200113",
  "Product": "ขนมปังปอนด์",
  "Date": "2025-07-01",
  "Forecast": 2,
  "Lower": 2,
  "Upper": 2,
  "Accuracy_%": 47.9,
  "Method": "xgb+rf"
 },
 {
  "Branch": "14650: เขาหลัก Center",
  "Product_Code": "6200451",
  "Product": "ครัวซองต์",
  "Date": "2025-07-01",
  "Forecast": 17,
  "Lower": 0,
  "Upper": 36,
  "Accuracy_%": 23.4,
  "Method": "xgb+rf"
 },
 {
  "Branch": "14650: เขาหลัก Center",
  "Product_Code": "6200200",
  "Product": "คุกกี้เนย",
  "Date": "2025-07-01",
  "Forecast": 2,
  "Lower": 1,
  "Upper": 3,
  "Accuracy_%": 69.6,
  "Method": "xgb+rf"
 },
 {
  "Branch": "14650: เขาหลัก Center",
  "Product_Code": "6200130",
  "Product": "มัฟฟิน",
  "Date": "2025-07-01",
  "Forecast": 2,
  "Lower": 2,
  "Upper": 2,
  "Accuracy_%": 40.3,
  "Method": "xgb+rf"
 },
 {
  "Branch": "14650: เขาหลัก Center",
  "Product_Code": "6200201",
  "Product": "เค้กไข่ไต้หวัน",
  "Date": "2025-07-01",
  "Forecast": 3,
  "Lower": 3,
  "Upper": 3,
  "Accuracy_%": 55.3,
  "Method": "xgb+rf"
 },
 {
  "Branch": "14650: เขาหลัก Center",
  "Product_Code": "6200113",
  "Product": "ขนมปังปอนด์",
  "Date": "2025-07-01",
  "Forecast": 5,
  "Lower": 5,
  "Upper": 5,
  "Accuracy_%": 48.8,
  "Method": "xgb+rf"
 },
 {
  "Branch": "9146: หมู่บ้านพนาสนธิ์",
  "Product_Code": "6200451",
  "Product": "ครัวซองต์",
  "Date": "2025-07-01",
  "Forecast": 9,
  "Lower": 8,
  "Upper": 10,
  "Accuracy_%": 67.4,
  "Method": "xgb+rf"
 },
 {
  "Branch": "9146: หมู่บ้านพนาสนธิ์",
  "Product_Code": "6200200",
  "Product": "คุกกี้เนย",
  "Date": "2025-07-01",
  "Forecast": 2,
  "Lower": 2,
  "Upper": 3,
  "Accuracy_%": 66.7,
  "Method": "xgb+rf"
 },
 {
  "Branch": "9146: หมู่บ้านพนาสนธิ์",
  "Product_Code": "6200130",
  "Product": "มัฟฟิน",
  "Date": "2025-07-01",
  "Forecast": 7,
  "Lower": 6,
  "Upper": 8,
  "Accuracy_%": 80.6,
  "Method": "xgb+rf"
 },
 {
  "Branch": "9146: หมู่บ้านพนาสนธิ์",
  "Product_Code": "6200201",
  "Product": "เค้กไข่ไต้หวัน",
  "Date": "2025-07-01",
  "Forecast": 3,
  "Lower": 2,
  "Upper": 3,
  "Accuracy_%": 57.6,
  "Method": "xgb+rf"
 },
 {
  "Branch": "9146: หมู่บ้านพนาสนธิ์",
  "Product_Code": "6200113",
  "Product": "ขนมปังปอนด์",
  "Date": "2025-07-01",
  "Forecast": 8,
  "Lower": 5,
  "Upper": 10,
  "Accuracy_%": 66.8,
  "Method": "xgb+rf"
 },
 {
  "Branch": "6841: บ้านอ่าวนาง 2",
  "Product_Code": "6200451",
  "Product": "ครัวซองต์",
  "Date": "2025-07-01",
  "Forecast": 5,
  "Lower": 4,
  "Upper": 5,
  "Accuracy_%": 45.2,
  "Method": "xgb+rf"
 },
 {
  "Branch": "6841: บ้านอ่าวนาง 2",
  "Product_Code": "6200200",
  "Product": "คุกกี้เนย",
  "Date": "2025-07-01",
  "Forecast": 2,
  "Lower": 2,
  "Upper": 2,
  "Accuracy_%": 54.2,
  "Method": "xgb+rf"
 },
 {
  "Branch": "6841: บ้านอ่าวนาง 2",
  "Product_Code": "6200130",
  "Product": "มัฟฟิน",
  "Date": "2025-07-01",
  "Forecast": 3,
  "Lower": 2,
  "Upper": 3,
  "Accuracy_%": 45.6,
  "Method": "xgb+rf"
 },
 {
  "Branch": "6841: บ้านอ่าวนาง 2",
  "Product_Code": "6200201",
  "Product": "เค้กไข่ไต้หวัน",
  "Date": "2025-07-01",
  "Forecast": 1,
  "Lower": 1,
  "Upper": 1,
  "Accuracy_%": 58.6,
  "Method": "xgb+rf"
 },
 {
  "Branch": "6841: บ้านอ่าวนาง 2",
  "Product_Code": "6200113",
  "Product": "ขนมปังปอนด์",
  "Date": "2025-07-01",
  "Forecast": 3,
  "Lower": 2,
  "Upper": 4,
  "Accuracy_%": 59.2,
  "Method": "xgb+rf"
 }
]